variant,block,capabilities,example,stage,size,batch,iterations,wall_ms,cpu_ms,gc_cpu_ms,allocated_mb,collections_per_iteration
schedule,1,8,wood-knot,combined,512,1,5,131.1704,688.4394,5.3014,2303.2171135999997,77.4
baseline,1,10,cumulus,combined,512,1,5,348.9808,1965.3344,18.9794,7062.5358031999995,267.2
baseline,1,4,moss,combined,512,1,5,320.9392,1081.5286,6.697,4208.4895856,267.4
schedule,1,8,cumulus,combined,512,1,5,266.7598,1771.0574,13.0306,7062.2222976,238.6
baseline,1,8,moss,combined,512,1,5,201.5092,1137.0602,8.887,4208.0822944,142.4
schedule,1,10,moss,combined,512,1,5,218.6524,1244.4324,11.9224,4207.687432,155.0
baseline,1,10,moss,combined,512,1,5,204.1402,1229.3044,11.7104,4207.9938768,139.8
schedule,1,10,cumulus,combined,512,1,5,326.0976,1967.2228,19.177,7062.2562416,274.6
baseline,1,8,wood-knot,combined,512,1,5,179.1624,739.1906,6.371,2303.577728,95.4
schedule,1,10,wood-knot,combined,512,1,5,139.4862,751.358,7.067,2303.246416,84.0
schedule,1,8,moss,combined,512,1,5,210.8932,1170.0388,9.5062,4207.6537792,150.2
schedule,1,4,wood-knot,combined,512,1,5,198.5594,652.6116,3.7334,2303.2107376,144.4
schedule,1,4,moss,combined,512,1,5,317.9658,1074.77,6.202,4207.6539904,266.4
baseline,1,4,wood-knot,combined,512,1,5,200.675,654.8928,4.1232,2304.0461024,144.8
baseline,1,8,cumulus,combined,512,1,5,273.5326,1792.8582,13.4764,7062.6242144,243.2
baseline,1,4,cumulus,combined,512,1,5,504.5368,1723.3826,10.8114,7063.025052800001,463.6
schedule,1,4,cumulus,combined,512,1,5,453.4572,1675.0392,8.9486,7062.2092,442.6
baseline,1,10,wood-knot,combined,512,1,5,129.082,752.1302,6.7968,2303.550352,74.8
schedule,2,4,moss,combined,512,1,5,318.6606,1076.2756,6.1716,4207.6609232,266.0
baseline,2,4,moss,combined,512,1,5,319.6312,1075.7858,6.4284,4208.4828176,267.6
schedule,2,10,wood-knot,combined,512,1,5,152.6272,762.6628,7.5242,2303.2440864,90.6
baseline,2,8,wood-knot,combined,512,1,5,175.3712,735.0184,6.3456,2303.5844704,94.2
schedule,2,8,moss,combined,512,1,5,217.0742,1180.2078,9.7512,4207.660448,155.8
schedule,2,8,wood-knot,combined,512,1,5,128.3704,682.6604,5.3944,2303.2171135999997,76.8
schedule,2,10,cumulus,combined,512,1,5,283.473,1901.5128,16.7186,7062.2695648,250.0
baseline,2,4,wood-knot,combined,512,1,5,199.4984,653.6814,3.9608,2304.0392944,145.2
schedule,2,4,cumulus,combined,512,1,5,452.66,1671.9324,8.6598,7062.2227968,442.6
baseline,2,8,moss,combined,512,1,5,220.483,1171.7794,9.8432,4208.0417376,158.2
baseline,2,10,moss,combined,512,1,5,251.391,1265.0516,12.314,4207.9532304,157.8
baseline,2,4,cumulus,combined,512,1,5,457.2798,1680.8354,9.538,7063.0519871999995,444.4
baseline,2,8,cumulus,combined,512,1,5,290.9612,1795.3158,14.7822,7062.6173184,255.2
schedule,2,10,moss,combined,512,1,5,243.305,1240.1384,13.089,4207.6942592,170.6
schedule,2,4,wood-knot,combined,512,1,5,199.5254,653.0304,3.753,2303.217584,144.8
baseline,2,10,cumulus,combined,512,1,5,287.215,1929.5744,17.3078,7062.5358592,242.8
schedule,2,8,cumulus,combined,512,1,5,344.0072,1882.7018,15.6412,7062.222576,286.8
baseline,2,10,wood-knot,combined,512,1,5,125.0992,739.6874,6.4774,2303.557104,72.8
schedule,3,4,moss,combined,512,1,5,315.7452,1070.7942,5.873,4207.6473408,265.4
baseline,3,4,cumulus,combined,512,1,5,455.727,1678.039,9.3026,7063.024659199999,444.0
baseline,3,10,cumulus,combined,512,1,5,278.2784,1936.3256,17.3276,7062.5697664,240.0
schedule,3,4,cumulus,combined,512,1,5,484.7706,1725.302,10.2296,7062.207769600001,460.2
baseline,3,4,moss,combined,512,1,5,319.0012,1075.9902,6.45,4208.482883199999,267.4
baseline,3,10,wood-knot,combined,512,1,5,125.9344,750.1806,6.8324,2303.53716,73.2
baseline,3,4,wood-knot,combined,512,1,5,202.0742,659.1198,4.4266,2304.0461424,145.6
schedule,3,10,moss,combined,512,1,5,221.6332,1258.2892,12.177,4207.6942784,156.4
schedule,3,10,cumulus,combined,512,1,5,303.6216,1958.0724,18.7058,7062.249443199999,262.0
baseline,3,8,moss,combined,512,1,5,200.592,1129.709,8.8808,4208.0891936,142.0
schedule,3,8,cumulus,combined,512,1,5,376.2598,1923.8222,16.7616,7062.2237712,300.6
schedule,3,8,moss,combined,512,1,5,212.7974,1180.7964,9.419,4207.6469136,151.8
schedule,3,10,wood-knot,combined,512,1,5,136.7714,750.779,7.1028,2303.2509615999998,81.4
schedule,3,4,wood-knot,combined,512,1,5,199.0286,653.3992,3.8038,2303.2240896,144.6
baseline,3,8,wood-knot,combined,512,1,5,138.093,727.7728,6.1532,2303.6117888000003,82.6
baseline,3,10,moss,combined,512,1,5,201.6124,1258.4058,11.8368,4207.9602032,137.6
baseline,3,8,cumulus,combined,512,1,5,307.2962,1849.4304,15.2426,7062.6173104,261.2
schedule,3,8,wood-knot,combined,512,1,5,130.3598,691.7064,5.592,2303.2034496,77.4
baseline,1,10,wood-knot,combined,96,1,40,6.9335,27.300975,0.511075,81.58972920000001,3.65
baseline,1,10,moss,combined,96,1,40,14.791275,48.07725,0.94885,148.5467408,8.975
schedule,1,4,moss,combined,96,1,40,15.0457,38.275125,0.413225,148.33652619999998,13.0
baseline,1,8,cumulus,combined,96,1,40,11.198925,63.0064,0.71465,248.8588664,9.35
schedule,1,4,cumulus,combined,96,1,40,21.8556,59.13715,0.53605,248.6842346,21.0
schedule,1,8,cumulus,combined,96,1,40,13.221225,61.674575,0.692075,248.7182842,11.35
baseline,1,4,wood-knot,combined,96,1,40,7.498225,22.920025,0.245,81.5228192,5.45
schedule,1,4,wood-knot,combined,96,1,40,9.69575,23.087775,0.286375,81.3852738,7.0
baseline,1,8,wood-knot,combined,96,1,40,5.37905,23.96205,0.316275,81.556332,3.15
baseline,1,4,moss,combined,96,1,40,11.8815,37.720725,0.381575,148.4750486,9.975
schedule,1,8,moss,combined,96,1,40,9.073675,38.493625,0.528,148.370994,7.05
baseline,1,8,moss,combined,96,1,40,8.73095,41.9459,0.590775,148.5153544,6.275
schedule,1,10,moss,combined,96,1,40,9.791525,41.267525,0.67985,148.3709012,7.2
schedule,1,10,wood-knot,combined,96,1,40,6.50475,24.615825,0.4578,81.4204414,4.025
schedule,1,10,cumulus,combined,96,1,40,13.399925,63.804725,0.856725,248.718537,11.2
baseline,1,4,cumulus,combined,96,1,40,17.283525,59.02895,0.504825,248.8228014,16.05
baseline,1,10,cumulus,combined,96,1,40,11.87975,64.8391,0.898425,248.8978966,9.825
schedule,1,8,wood-knot,combined,96,1,40,7.29895,25.319625,0.429925,81.4204362,4.55
schedule,2,10,cumulus,combined,96,1,40,14.1769,64.8731,0.8798,248.7188184,11.875
schedule,2,4,moss,combined,96,1,40,14.548475,37.4033,0.3699,148.33659880000002,13.025
baseline,2,4,moss,combined,96,1,40,12.011775,37.955475,0.417425,148.47323780000002,10.025
baseline,2,8,wood-knot,combined,96,1,40,7.240025,27.493925,0.480525,81.5256468,4.325
baseline,2,10,wood-knot,combined,96,1,40,8.9824,29.40635,0.5519,81.592838,4.7
schedule,2,4,wood-knot,combined,96,1,40,9.729475,23.13965,0.286375,81.3861218,7.025
schedule,2,4,cumulus,combined,96,1,40,21.377775,58.43335,0.5068,248.68422980000003,20.95
schedule,2,8,wood-knot,combined,96,1,40,6.359425,23.938025,0.36265,81.4212014,4.05
baseline,2,8,moss,combined,96,1,40,8.120875,39.244575,0.5233,148.5125952,5.85
schedule,2,10,wood-knot,combined,96,1,40,6.72465,25.028625,0.442075,81.4200422,4.075
schedule,2,8,moss,combined,96,1,40,9.474775,39.822125,0.543675,148.3706056,7.1
baseline,2,10,cumulus,combined,96,1,40,11.416025,65.677325,0.898625,248.8998126,9.275
baseline,2,10,moss,combined,96,1,40,8.188725,41.8993,0.68595,148.5567472,5.75
baseline,2,8,cumulus,combined,96,1,40,11.240675,62.42475,0.692075,248.8555724,9.4
baseline,2,4,wood-knot,combined,96,1,40,7.804425,23.4594,0.270675,81.5212762,5.6
schedule,2,10,moss,combined,96,1,40,9.6661,41.26595,0.691675,148.3709848,7.1
baseline,2,4,cumulus,combined,96,1,40,17.1219,59.0757,0.512425,248.822786,16.0
schedule,2,8,cumulus,combined,96,1,40,13.0852,61.589275,0.696925,248.71847419999997,11.3
baseline,3,4,wood-knot,combined,96,1,40,7.603725,22.99275,0.253875,81.5245228,5.525
baseline,3,10,cumulus,combined,96,1,40,11.182675,67.91065,0.9626,248.9057622,9.125
baseline,3,8,wood-knot,combined,96,1,40,6.102875,25.935225,0.412625,81.5562912,3.75
baseline,3,8,cumulus,combined,96,1,40,14.663775,68.504675,0.874375,248.8519102,11.725
schedule,3,8,wood-knot,combined,96,1,40,6.48225,23.925175,0.38085,81.4206138,4.075
schedule,3,4,cumulus,combined,96,1,40,21.486125,58.62355,0.5089,248.68414180000002,21.0
schedule,3,4,wood-knot,combined,96,1,40,9.75715,23.145725,0.27755,81.3861266,7.025
baseline,3,10,moss,combined,96,1,40,11.022275,47.0353,0.859575,148.5450898,7.625
schedule,3,8,moss,combined,96,1,40,12.017225,42.887225,0.664625,148.3710824,8.775
schedule,3,10,moss,combined,96,1,40,9.57275,40.906025,0.69185,148.37116680000003,7.125
baseline,3,8,moss,combined,96,1,40,8.036975,40.0084,0.53505,148.5143326,5.75
schedule,3,10,cumulus,combined,96,1,40,13.355125,63.64935,0.879625,248.71864219999998,11.175
baseline,3,4,moss,combined,96,1,40,11.8586,37.591675,0.387025,148.4708024,10.0
schedule,3,10,wood-knot,combined,96,1,40,6.558775,24.718875,0.489025,81.42052059999999,4.05
baseline,3,4,cumulus,combined,96,1,40,17.037625,58.790275,0.5003,248.82195919999998,16.0
baseline,3,10,wood-knot,combined,96,1,40,5.557825,26.65775,0.450725,81.6005618,3.05
schedule,3,8,cumulus,combined,96,1,40,12.917225,61.00555,0.673175,248.718425,11.15
schedule,3,4,moss,combined,96,1,40,14.639625,37.5298,0.377375,148.3365456,13.025
