Name,Mean (ps),2*Stdev (ps)
All.scene+png.sphere.checker 96,2197143751,461845868
All.scene+png.sphere.checker 512,15910849996,3398599760
All.scene+png.sphere.cumulus 96,3651356251,965869570
All.scene+png.sphere.cumulus 512,57914199987,14407433306
All.scene+png.sphere.marble 96,2631318750,424237992
All.scene+png.sphere.marble 512,58365525004,15672376804
All.scene+png.cube.checker 96,2636084375,426725624
All.scene+png.cube.checker 512,19398475001,3699239008
All.scene+png.cube.cumulus 96,4737900003,979313918
All.scene+png.cube.cumulus 512,80544499993,16837591926
All.scene+png.cube.marble 96,4365656249,871926744
All.scene+png.cube.marble 512,77455500057,18152399898
All.scene+png.cylinder.checker 96,2464012499,425649510
All.scene+png.cylinder.checker 512,17513725000,1004120302
All.scene+png.cylinder.cumulus 96,4305196876,649591724
All.scene+png.cylinder.cumulus 512,61120949977,7254475352
All.scene+png.cylinder.marble 96,2761503127,587554812
All.scene+png.cylinder.marble 512,52268599987,13949486356
All.scene+png.torus.checker 96,2337431250,462293078
All.scene+png.torus.checker 512,14516999999,3610690802
All.scene+png.torus.cumulus 96,2878209375,443705758
All.scene+png.torus.cumulus 512,48323725004,5782248224
All.scene+png.torus.marble 96,2682275000,558723506
All.scene+png.torus.marble 512,31595200006,3609125540
All.scene+png.bitten-cube.checker 96,2918187499,733919440
All.scene+png.bitten-cube.checker 512,21372250009,5339171290
All.scene+png.bitten-cube.cumulus 96,4996006246,1404614056
All.scene+png.bitten-cube.cumulus 512,95403050009,9764461700
All.scene+png.bitten-cube.marble 96,4470168753,1176982336
All.scene+png.bitten-cube.marble 512,73904700006,16070173396
All.scene+png.cut-sphere.checker 96,2575218751,467198450
All.scene+png.cut-sphere.checker 512,18320650009,4887261996
All.scene+png.cut-sphere.cumulus 96,3649206251,860634614
All.scene+png.cut-sphere.cumulus 512,56184599961,14231678162
All.scene+png.cut-sphere.marble 96,2976568749,471195428
All.scene+png.cut-sphere.marble 512,53450700018,11127121440
All.scene+png.cut-cube.checker 96,2808701562,377769710
All.scene+png.cut-cube.checker 512,21884718748,1309637078
All.scene+png.cut-cube.cumulus 96,4849668750,935207474
All.scene+png.cut-cube.cumulus 512,81383424991,4494608402
All.scene+png.cut-cube.marble 96,4759687497,869550938
All.scene+png.cut-cube.marble 512,75689999999,16504417598
