example,cost_centre,module,time_percent,allocation_percent
cumulus,$wtransformOctave,Texture,40.4,61.1
cumulus,textureToImageFn,Texture,35.0,31.9
cumulus,$wperlin2,Perlin,10.5,0.0
cumulus,checksum,Main,4.9,3.5
cumulus,compileRamp,ColourRamps,3.4,0.4
cumulus,lerp,Texture,2.7,1.4
cumulus,$wfromLab,OkLab,2.0,1.8
cumulus,$wapplyMode,ColourRamps,1.1,0.0
moss,$wtransformOctave,Texture,33.8,54.1
moss,textureToImageFn,Texture,26.4,25.0
moss,$wperlin2,Perlin,10.0,0.0
moss,checksum,Main,8.0,5.8
moss,$wfromLab,OkLab,7.0,7.2
moss,$wfbmFn,Texture,6.5,5.1
moss,lerp,Texture,3.6,1.4
moss,compileRamp,ColourRamps,3.4,1.4
moss,$wapplyMode,ColourRamps,1.2,0.0
rust,$wtransformOctave,Texture,35.3,56.3
rust,textureToImageFn,Texture,26.5,24.8
rust,$wperlin2,Perlin,9.9,0.0
rust,checksum,Main,8.0,5.2
rust,$wfromLab,OkLab,6.5,6.5
rust,$wfbmFn,Texture,6.5,4.6
rust,compileRamp,ColourRamps,3.8,1.3
rust,lerp,Texture,2.5,1.3
rust,$wapplyMode,ColourRamps,1.1,0.0
ice,$wtransformOctave,Texture,30.3,50.6
ice,textureToImageFn,Texture,23.9,24.7
ice,checksum,Main,10.2,6.9
ice,$wfbmFn,Texture,10.1,6.5
ice,$wfromLab,OkLab,8.4,7.9
ice,$wperlin2,Perlin,7.2,0.0
ice,lerp,Texture,4.7,1.7
ice,compileRamp,ColourRamps,4.0,1.6
ice,$wapplyMode,ColourRamps,1.1,0.0
water-ripples,$wtransformOctave,Texture,30.1,51.4
water-ripples,textureToImageFn,Texture,24.6,25.9
water-ripples,checksum,Main,9.9,7.0
water-ripples,$wperlin2,Perlin,9.5,0.0
water-ripples,$wfbmFn,Texture,7.9,5.7
water-ripples,$wfromLab,OkLab,7.2,6.9
water-ripples,compileRamp,ColourRamps,6.4,1.4
water-ripples,lerp,Texture,3.5,1.7
tiger-fur,$wtransformOctave,Texture,30.6,50.0
tiger-fur,textureToImageFn,Texture,24.6,24.8
tiger-fur,checksum,Main,11.8,8.1
tiger-fur,$wperlin2,Perlin,8.3,0.0
tiger-fur,$wfbmFn,Texture,7.8,6.0
tiger-fur,$wfromLab,OkLab,7.5,7.9
tiger-fur,compileRamp,ColourRamps,5.2,1.6
tiger-fur,lerp,Texture,3.5,1.6
jupiter,$wtransformOctave,Texture,31.9,56.0
jupiter,textureToImageFn,Texture,25.4,22.7
jupiter,checksum,Main,11.6,8.7
jupiter,$wperlin2,Perlin,10.1,0.0
jupiter,$wfbmFn,Texture,8.6,5.1
jupiter,$wfromLab,OkLab,6.9,5.3
jupiter,compileRamp,ColourRamps,2.9,1.1
jupiter,lerp,Texture,1.9,0.9
marble,$wtransformOctave,Texture,34.5,55.1
marble,textureToImageFn,Texture,27.0,24.0
marble,checksum,Main,11.9,9.6
marble,$wperlin2,Perlin,8.4,0.0
marble,$wfromLab,OkLab,6.3,6.0
marble,compileRamp,ColourRamps,3.9,1.2
marble,lerp,Texture,3.2,0.9
marble,$wfbmFn,Texture,3.1,2.8
marble,$wwrap,ColourRamps,1.1,0.0
wood-knot,textureToImageFn,Texture,31.2,32.2
wood-knot,$wtransformOctave,Texture,26.9,46.2
wood-knot,checksum,Main,12.2,10.1
wood-knot,$wfromLab,OkLab,9.0,7.9
wood-knot,$wperlin2,Perlin,7.7,0.0
wood-knot,compileRamp,ColourRamps,7.5,1.6
wood-knot,lerp,Texture,3.8,2.0
wood-knot,$wapplyMode,ColourRamps,1.2,0.2
mountains,$wtransformOctave,Texture,27.2,48.0
mountains,textureToImageFn,Texture,24.9,27.2
mountains,checksum,Main,12.9,9.1
mountains,$wperlin2,Perlin,9.6,0.0
mountains,$wfromLab,OkLab,8.8,7.6
mountains,$wfbmFn,Texture,6.2,4.8
mountains,compileRamp,ColourRamps,5.0,1.5
mountains,lerp,Texture,3.9,1.8
mountains,$wapplyMode,ColourRamps,1.4,0.0
