variant,example,stage,size,batch,iterations,wall_ms,cpu_ms,gc_cpu_ms,allocated_mb,collections_per_iteration
base,cumulus,combined,512,1,3,302.6936666666667,1952.1066666666668,18.423,7062.57648,253.66666666666666
base,cumulus,combined,512,2,3,261.18733333333336,1930.4346666666668,16.819666666666667,7062.554386666667,226.33333333333334
base,cumulus,combined,512,3,3,279.897,1954.432,17.544666666666668,7062.579056,238.33333333333334
base,cumulus,combined,512,4,3,265.945,1955.7563333333333,17.047,7062.568136,227.66666666666666
base,cumulus,combined,512,5,3,268.8136666666667,1969.8803333333333,17.25166666666667,7062.588125333333,229.66666666666666
inline,cumulus,combined,512,1,3,136.85033333333334,969.118,6.669333333333333,2281.0039573333333,76.0
inline,cumulus,combined,512,2,3,135.15266666666665,960.4743333333333,7.074,2281.0444613333334,74.66666666666667
inline,cumulus,combined,512,3,3,134.42833333333334,971.8956666666667,6.768,2281.0584293333336,73.66666666666667
inline,cumulus,combined,512,4,3,139.21366666666665,983.3093333333334,7.129,2281.0320266666663,76.66666666666667
inline,cumulus,combined,512,5,3,131.46666666666667,979.3276666666666,6.753666666666667,2281.08084,71.66666666666667
opaque,cumulus,combined,512,1,3,101.65433333333333,725.705,5.261,1698.8943813333333,54.333333333333336
opaque,cumulus,combined,512,2,3,114.33566666666667,732.1573333333333,5.876,1698.8607893333333,59.0
opaque,cumulus,combined,512,3,3,120.595,742.7486666666666,6.485666666666667,1698.8832586666667,62.666666666666664
opaque,cumulus,combined,512,4,3,112.39333333333333,742.053,5.909,1698.8835466666667,59.0
opaque,cumulus,combined,512,5,3,148.82666666666665,792.221,6.901,1698.8383013333332,76.66666666666667
base,moss,combined,512,1,3,191.97133333333335,1233.5393333333332,11.098666666666666,4207.992328,132.33333333333334
base,moss,combined,512,2,3,242.07266666666666,1299.7216666666668,13.147,4207.946893333334,163.33333333333334
base,moss,combined,512,3,3,214.31333333333333,1277.761,12.049666666666665,4207.946882666666,147.33333333333334
base,moss,combined,512,4,3,197.22766666666666,1257.5066666666667,11.124333333333334,4208.025914666667,133.66666666666666
base,moss,combined,512,5,3,214.55666666666664,1287.6423333333332,11.905666666666667,4208.016984,143.0
inline,moss,combined,512,1,3,126.834,686.9846666666666,5.341666666666667,1628.4159253333332,52.333333333333336
inline,moss,combined,512,2,3,125.76633333333332,711.5183333333333,5.619666666666667,1628.4834853333332,51.333333333333336
inline,moss,combined,512,3,3,125.997,713.0593333333334,5.614333333333333,1628.4721546666667,51.666666666666664
inline,moss,combined,512,4,3,126.17133333333332,718.071,5.533666666666667,1628.472232,51.333333333333336
inline,moss,combined,512,5,3,126.691,722.1633333333334,5.522,1628.483576,51.666666666666664
opaque,moss,combined,512,1,3,120.10533333333333,669.8316666666666,5.133666666666667,1525.8178,48.333333333333336
opaque,moss,combined,512,2,3,119.84033333333333,666.657,5.252666666666667,1525.8496106666666,47.666666666666664
opaque,moss,combined,512,3,3,123.413,674.0173333333333,5.243,1525.78184,49.333333333333336
opaque,moss,combined,512,4,3,129.432,679.8853333333334,5.739,1525.736376,52.333333333333336
opaque,moss,combined,512,5,3,124.086,682.1153333333334,5.464,1525.7930133333332,49.666666666666664
base,rust,combined,512,1,3,306.20733333333334,1376.9283333333333,13.857,4659.866973333333,174.66666666666666
base,rust,combined,512,2,3,198.301,1328.7173333333333,12.284333333333334,4659.945722666667,149.0
base,rust,combined,512,3,3,197.20333333333335,1339.7346666666667,12.017333333333333,4659.9252,148.33333333333334
base,rust,combined,512,4,3,246.37566666666666,1403.6643333333332,14.304333333333334,4659.916442666667,180.0
base,rust,combined,512,5,3,227.01433333333335,1375.0026666666668,13.800333333333334,4659.883085333333,168.33333333333334
inline,rust,combined,512,1,3,166.68466666666666,791.6646666666667,6.693666666666667,1702.850176,75.33333333333333
inline,rust,combined,512,2,3,134.39933333333335,768.9943333333334,6.177,1702.9048826666667,61.333333333333336
inline,rust,combined,512,3,3,122.85333333333332,751.55,5.646333333333333,1702.9163546666668,55.666666666666664
inline,rust,combined,512,4,3,117.45166666666667,746.5526666666666,5.502,1702.9072506666666,53.333333333333336
inline,rust,combined,512,5,3,127.87466666666667,774.588,5.872333333333333,1702.837504,58.0
opaque,rust,combined,512,1,3,109.94266666666667,638.102,4.767333333333333,1440.115,47.0
opaque,rust,combined,512,2,3,108.889,657.2843333333334,5.161666666666667,1440.103432,47.0
opaque,rust,combined,512,3,3,117.78866666666667,663.578,5.514333333333333,1440.0581866666666,51.333333333333336
opaque,rust,combined,512,4,3,106.04266666666668,647.638,4.924333333333333,1440.1036213333332,45.666666666666664
opaque,rust,combined,512,5,3,107.356,658.154,5.168,1440.1398773333333,46.0
base,ice,combined,512,1,3,147.28333333333333,975.7986666666666,9.414666666666665,3473.3500053333337,116.33333333333333
base,ice,combined,512,2,3,162.492,988.9196666666667,10.125,3473.3160773333334,127.0
base,ice,combined,512,3,3,145.35933333333335,991.809,9.379666666666665,3473.395336,113.0
base,ice,combined,512,4,3,146.143,1013.6223333333334,9.622666666666666,3473.3839626666663,112.66666666666667
base,ice,combined,512,5,3,148.05833333333334,1021.156,9.735,3473.361424,113.66666666666667
inline,ice,combined,512,1,3,86.356,579.0053333333334,4.824666666666667,1459.46176,46.666666666666664
inline,ice,combined,512,2,3,90.383,583.8946666666666,5.142,1459.4604346666667,48.333333333333336
inline,ice,combined,512,3,3,182.744,631.844,6.213333333333333,1459.4730853333333,59.0
inline,ice,combined,512,4,3,88.196,593.9033333333334,5.015,1459.4609733333332,46.666666666666664
inline,ice,combined,512,5,3,86.30433333333333,591.7606666666667,4.987333333333333,1459.471048,45.666666666666664
opaque,ice,combined,512,1,3,67.402,433.0076666666667,3.986,1066.6578186666666,33.666666666666664
opaque,ice,combined,512,2,3,71.60533333333333,438.479,4.425333333333333,1066.6352346666665,35.666666666666664
opaque,ice,combined,512,3,3,67.536,437.8636666666667,4.206,1066.6914826666666,33.0
opaque,ice,combined,512,4,3,69.958,441.3856666666667,4.365333333333333,1066.6461413333334,34.666666666666664
opaque,ice,combined,512,5,3,119.641,489.53766666666667,5.202,1066.567048,52.0
base,water-ripples,combined,512,1,3,141.96733333333336,983.1566666666666,8.976,3415.935704,110.33333333333333
base,water-ripples,combined,512,2,3,138.369,1003.669,9.179666666666666,3415.9492586666665,106.66666666666667
base,water-ripples,combined,512,3,3,209.51033333333334,1060.3586666666665,10.931666666666667,3415.8731813333334,140.0
base,water-ripples,combined,512,4,3,141.92066666666665,1025.963,9.201666666666666,3415.9363866666663,108.0
base,water-ripples,combined,512,5,3,142.93833333333333,1029.047,8.967666666666666,3415.9357786666665,108.33333333333333
inline,water-ripples,combined,512,1,3,85.23966666666666,596.3826666666666,4.777,1402.025312,44.0
inline,water-ripples,combined,512,2,3,101.71933333333332,614.4133333333334,5.295333333333333,1402.0220426666667,51.333333333333336
inline,water-ripples,combined,512,3,3,84.87933333333334,606.5393333333334,4.956333333333333,1402.0394266666667,43.333333333333336
inline,water-ripples,combined,512,4,3,88.20233333333333,601.2393333333333,5.038,1402.0232293333333,45.0
inline,water-ripples,combined,512,5,3,87.90466666666667,606.319,4.933,1402.0253093333333,44.666666666666664
opaque,water-ripples,combined,512,1,3,58.03666666666666,354.91433333333333,3.4686666666666666,814.15492,26.666666666666668
opaque,water-ripples,combined,512,2,3,57.183,358.075,3.707,814.2114773333334,25.666666666666668
opaque,water-ripples,combined,512,3,3,59.07833333333333,360.3333333333333,3.5916666666666663,814.222784,26.666666666666668
opaque,water-ripples,combined,512,4,3,57.566,360.7493333333333,3.51,814.1887573333333,26.0
opaque,water-ripples,combined,512,5,3,57.68866666666666,361.982,3.6643333333333334,814.2237786666666,25.666666666666668
base,tiger-fur,combined,512,1,3,138.33566666666667,869.156,8.157,2935.1693786666665,95.33333333333333
base,tiger-fur,combined,512,2,3,139.83966666666666,884.9893333333333,8.56,2935.1698613333333,96.33333333333333
base,tiger-fur,combined,512,3,3,137.59433333333334,890.769,8.332333333333333,2935.2071386666667,93.33333333333333
base,tiger-fur,combined,512,4,3,138.655,898.492,8.382333333333333,2935.1922426666665,93.33333333333333
base,tiger-fur,combined,512,5,3,146.568,912.5153333333334,8.835666666666667,2935.1880906666665,99.0
inline,tiger-fur,combined,512,1,3,89.193,533.557,4.406666666666667,1236.4988133333331,38.666666666666664
inline,tiger-fur,combined,512,2,3,89.55433333333333,534.59,4.562333333333333,1236.5104266666667,38.666666666666664
inline,tiger-fur,combined,512,3,3,185.72433333333333,579.18,5.448333333333333,1236.3972346666667,54.333333333333336
inline,tiger-fur,combined,512,4,3,91.127,541.5193333333334,4.6723333333333334,1236.500768,39.0
inline,tiger-fur,combined,512,5,3,89.20833333333333,543.3596666666666,4.596666666666667,1236.521752,38.0
opaque,tiger-fur,combined,512,1,3,82.79833333333333,468.7866666666667,4.072333333333334,1060.7970426666666,34.0
opaque,tiger-fur,combined,512,2,3,81.07866666666668,472.89733333333334,4.117333333333334,1060.796672,32.666666666666664
opaque,tiger-fur,combined,512,3,3,84.443,470.09933333333333,4.293333333333333,1060.7967013333334,34.333333333333336
opaque,tiger-fur,combined,512,4,3,80.91233333333332,475.07533333333333,4.148666666666666,1060.8308293333334,32.666666666666664
opaque,tiger-fur,combined,512,5,3,120.87466666666667,501.978,4.944,1060.6967973333333,50.666666666666664
base,jupiter,combined,512,1,3,126.871,790.113,7.451666666666667,2695.021432,86.33333333333333
base,jupiter,combined,512,2,3,128.27966666666669,803.5423333333333,7.706666666666667,2694.998928,86.66666666666667
base,jupiter,combined,512,3,3,188.81133333333335,838.504,8.528333333333334,2695.02364,107.33333333333333
base,jupiter,combined,512,4,3,132.502,817.1526666666666,7.745666666666667,2695.0490533333336,88.33333333333333
base,jupiter,combined,512,5,3,129.79933333333332,823.0306666666667,7.649666666666667,2695.0328346666665,86.66666666666667
inline,jupiter,combined,512,1,3,79.61966666666667,448.9036666666667,3.6503333333333337,933.379648,29.333333333333332
inline,jupiter,combined,512,2,3,80.60733333333333,449.8586666666667,3.774,933.379608,29.666666666666668
inline,jupiter,combined,512,3,3,93.094,446.722,3.959,933.3235066666666,34.0
inline,jupiter,combined,512,4,3,82.169,448.877,3.682,933.3009013333334,30.666666666666668
inline,jupiter,combined,512,5,3,80.159,451.84433333333334,3.8126666666666664,933.3908426666666,29.333333333333332
opaque,jupiter,combined,512,1,3,78.794,443.23966666666666,3.612,933.3906026666666,29.0
opaque,jupiter,combined,512,2,3,81.407,442.11466666666666,3.7803333333333335,933.3116986666666,30.0
opaque,jupiter,combined,512,3,3,78.45833333333333,447.6896666666667,3.7396666666666665,933.35716,29.0
opaque,jupiter,combined,512,4,3,80.54433333333333,456.2886666666667,3.9,933.3445306666666,29.333333333333332
opaque,jupiter,combined,512,5,3,80.50066666666667,449.57,3.8763333333333336,933.3343173333334,29.666666666666668
base,marble,combined,512,1,3,133.33833333333334,726.6993333333334,6.967333333333333,2422.9526213333334,81.33333333333333
base,marble,combined,512,2,3,128.54066666666668,728.8293333333334,6.921666666666667,2422.9544133333334,77.0
base,marble,combined,512,3,3,130.95333333333332,735.68,6.857666666666667,2422.954312,78.33333333333333
base,marble,combined,512,4,3,130.42366666666666,740.049,6.831333333333333,2422.9538933333333,77.33333333333333
base,marble,combined,512,5,3,136.148,745.9323333333334,7.089666666666667,2422.953488,81.66666666666667
inline,marble,combined,512,1,3,86.734,404.6823333333333,3.202,850.087616,27.666666666666668
inline,marble,combined,512,2,3,85.377,406.5576666666667,3.5976666666666666,850.0889226666666,27.0
inline,marble,combined,512,3,3,166.863,429.8276666666667,4.086,850.0861306666666,36.333333333333336
inline,marble,combined,512,4,3,92.209,416.3833333333333,3.8523333333333336,850.0898613333334,29.666666666666668
inline,marble,combined,512,5,3,89.75933333333333,415.482,3.9096666666666664,850.0891653333334,28.333333333333332
opaque,marble,combined,512,1,3,84.26466666666667,402.2643333333333,3.2673333333333336,850.088712,26.666666666666668
opaque,marble,combined,512,2,3,86.99666666666667,405.08733333333333,3.581,850.0874186666666,28.0
opaque,marble,combined,512,3,3,86.687,407.83733333333333,3.6433333333333335,850.0881786666666,27.333333333333332
opaque,marble,combined,512,4,3,84.95433333333332,405.056,3.635,850.0892346666666,26.333333333333332
opaque,marble,combined,512,5,3,107.07966666666667,424.95366666666666,4.079,850.1123306666666,37.0
base,wood-knot,combined,512,1,3,124.69366666666667,739.825,6.815333333333333,2303.537424,72.66666666666667
base,wood-knot,combined,512,2,3,124.56566666666667,743.5856666666666,6.791,2303.5408746666667,72.0
base,wood-knot,combined,512,3,3,142.14433333333335,774.424,7.632666666666667,2303.5267893333335,82.66666666666667
base,wood-knot,combined,512,4,3,171.26866666666666,804.4656666666666,8.516,2303.5288053333334,98.66666666666667
base,wood-knot,combined,512,5,3,127.93266666666668,767.0126666666666,6.886,2303.579408,73.0
inline,wood-knot,combined,512,1,3,94.37,499.096,4.082333333333334,1045.2117626666666,34.0
inline,wood-knot,combined,512,2,3,92.78333333333333,502.593,4.144,1045.3151813333334,32.666666666666664
inline,wood-knot,combined,512,3,3,108.007,521.728,4.722666666666667,1045.1556826666667,40.333333333333336
inline,wood-knot,combined,512,4,3,94.67,509.5723333333333,4.287333333333333,1045.2459173333334,33.666666666666664
inline,wood-knot,combined,512,5,3,97.44166666666668,507.0263333333333,4.306666666666667,1045.1916693333333,35.0
opaque,wood-knot,combined,512,1,3,85.127,447.593,3.6653333333333333,909.8821706666666,28.333333333333332
opaque,wood-knot,combined,512,2,3,86.001,451.334,3.77,909.859872,28.333333333333332
opaque,wood-knot,combined,512,3,3,87.23933333333333,454.2246666666667,3.8976666666666664,909.8982106666666,29.0
opaque,wood-knot,combined,512,4,3,86.137,450.1803333333333,3.6053333333333333,909.9402133333334,28.666666666666668
opaque,wood-knot,combined,512,5,3,88.446,452.998,3.879,909.8032373333334,29.333333333333332
base,mountains,combined,512,1,3,132.92633333333333,791.5893333333333,7.537666666666667,2572.7333946666663,84.0
base,mountains,combined,512,2,3,131.77133333333333,801.9226666666666,7.577333333333333,2572.76788,82.0
base,mountains,combined,512,3,3,133.10766666666666,812.7073333333334,7.664333333333333,2572.7560426666664,82.0
base,mountains,combined,512,4,3,139.517,821.7093333333333,7.897,2572.7627973333333,87.33333333333333
base,mountains,combined,512,5,3,132.27666666666667,811.2386666666666,7.4223333333333334,2572.7697013333336,81.33333333333333
inline,mountains,combined,512,1,3,90.14166666666667,501.837,4.087666666666666,1125.720928,34.666666666666664
inline,mountains,combined,512,2,3,180.223,529.73,5.118,1125.67568,45.333333333333336
inline,mountains,combined,512,3,3,96.04966666666667,518.4263333333333,4.585,1125.6871546666669,37.0
inline,mountains,combined,512,4,3,90.689,510.584,4.381,1125.7209413333333,34.333333333333336
inline,mountains,combined,512,5,3,93.62533333333333,518.3903333333333,4.328,1125.732304,35.666666666666664
opaque,mountains,combined,512,1,3,84.495,431.4253333333333,3.7983333333333333,953.2735386666666,30.666666666666668
opaque,mountains,combined,512,2,3,81.95866666666667,429.3686666666667,3.832,953.2617573333333,29.0
opaque,mountains,combined,512,3,3,83.765,436.4513333333333,3.9076666666666666,953.273928,30.0
opaque,mountains,combined,512,4,3,115.007,472.76366666666667,4.849333333333333,953.171984,44.666666666666664
opaque,mountains,combined,512,5,3,85.536,444.4893333333333,4.011,953.2849786666666,31.0
