example,stage,size,batch,iterations,wall_ms,cpu_ms,gc_cpu_ms,allocated_mb,collections_per_iteration
cumulus,render,512,1,3,258.11533333333335,1912.1026666666667,16.778666666666666,7061.255709333333,233.66666666666666
cumulus,render,512,2,3,249.37366666666665,1939.6506666666667,16.548,7061.272314666667,224.33333333333334
cumulus,render,512,3,3,255.07433333333336,1900.966,15.784,7061.261237333333,229.33333333333334
cumulus,render,512,4,3,254.413,1944.673,16.668,7061.317146666667,227.0
cumulus,render,512,5,3,291.4833333333333,1954.207,16.861,7061.277978666667,245.66666666666666
cumulus,encode,512,1,3,11.424,11.859666666666666,0.12266666666666667,1.3178773333333333,0.3333333333333333
cumulus,encode,512,2,3,11.724,11.923666666666666,0.14566666666666667,1.3178773333333333,0.3333333333333333
cumulus,encode,512,3,3,10.875333333333334,11.208,0.12333333333333332,1.3178773333333333,0.3333333333333333
cumulus,encode,512,4,3,10.886666666666667,11.115666666666666,0.12033333333333333,1.3192346666666668,0.3333333333333333
cumulus,encode,512,5,3,11.151333333333334,11.410666666666666,0.116,1.3178773333333333,0.3333333333333333
cumulus,combined,512,1,3,263.789,1920.145,17.128,7062.56536,228.33333333333334
cumulus,combined,512,2,3,266.33166666666665,1949.6206666666667,17.406666666666666,7062.554165333333,228.33333333333334
cumulus,combined,512,3,3,271.2503333333333,1960.625,16.957666666666668,7062.55412,230.66666666666666
cumulus,combined,512,4,3,281.531,1987.9306666666666,17.680666666666667,7062.599141333333,236.0
cumulus,combined,512,5,3,378.1006666666667,2110.818,21.377,7062.543050666667,287.0
moss,render,512,1,3,156.87433333333334,1191.2766666666666,11.814666666666666,4206.337626666666,137.0
moss,render,512,2,3,169.237,1223.2963333333332,12.748333333333333,4206.309808,145.66666666666666
moss,render,512,3,3,167.85166666666666,1211.356,12.497,4206.360402666666,143.0
moss,render,512,4,3,167.03666666666666,1229.3933333333332,12.516,4206.341338666666,141.0
moss,render,512,5,3,161.561,1224.8353333333332,11.772,4206.3667706666665,137.66666666666666
moss,encode,512,1,3,43.18933333333334,43.355,0.11766666666666667,1.6732293333333332,0.3333333333333333
moss,encode,512,2,3,43.178333333333335,43.42133333333334,0.14133333333333334,1.6732293333333332,0.3333333333333333
moss,encode,512,3,3,41.99433333333334,42.290333333333336,0.13766666666666666,1.6732293333333332,0.3333333333333333
moss,encode,512,4,3,42.007333333333335,42.27733333333334,0.14566666666666667,1.6745866666666667,0.3333333333333333
moss,encode,512,5,3,42.27466666666666,42.32833333333333,0.14933333333333335,1.6732293333333332,0.3333333333333333
moss,combined,512,1,3,195.38466666666665,1227.0883333333334,11.313333333333334,4208.008536,134.33333333333334
moss,combined,512,2,3,237.46833333333333,1240.696,11.989333333333335,4208.003285333333,149.0
moss,combined,512,3,3,198.63666666666666,1245.4486666666667,11.492,4208.0205946666665,135.66666666666666
moss,combined,512,4,3,201.32233333333335,1260.0043333333333,11.863,4208.016365333334,136.66666666666666
moss,combined,512,5,3,200.57533333333333,1272.212,11.620666666666667,4207.980856,135.0
rust,render,512,1,3,168.993,1281.9326666666668,11.896666666666667,4658.195717333333,150.0
rust,render,512,2,3,174.85866666666666,1314.1063333333332,12.387666666666666,4658.201522666667,153.66666666666666
rust,render,512,3,3,172.86466666666666,1338.9626666666668,12.234333333333334,4658.187653333333,150.33333333333334
rust,render,512,4,3,202.86266666666666,1367.5993333333333,12.958666666666666,4658.142813333333,171.66666666666666
rust,render,512,5,3,261.55266666666665,1424.3913333333333,14.962666666666665,4658.129301333333,201.66666666666666
rust,encode,512,1,3,28.705333333333332,28.828333333333333,0.116,1.7263413333333333,0.3333333333333333
rust,encode,512,2,3,28.736,29.064,0.14766666666666667,1.7263413333333333,0.3333333333333333
rust,encode,512,3,3,28.109333333333332,28.51966666666667,0.13833333333333334,1.7263413333333333,0.3333333333333333
rust,encode,512,4,3,28.013,28.31733333333333,0.142,1.7276986666666667,0.3333333333333333
rust,encode,512,5,3,28.03333333333333,28.248,0.13566666666666666,1.7263413333333333,0.3333333333333333
rust,combined,512,1,3,205.26333333333335,1310.171,12.621666666666666,4659.88948,155.33333333333334
rust,combined,512,2,3,201.77833333333334,1350.936,12.732333333333335,4659.889666666667,150.0
rust,combined,512,3,3,206.06833333333336,1357.371,12.637666666666666,4659.900981333333,153.33333333333334
rust,combined,512,4,3,209.67166666666665,1367.5296666666668,12.960333333333335,4659.867008,154.66666666666666
rust,combined,512,5,3,210.45733333333334,1389.824,13.142666666666665,4659.900890666667,154.0
ice,render,512,1,3,150.476,968.639,9.453,3472.0993546666664,123.0
ice,render,512,2,3,129.57,983.026,9.756666666666666,3472.0618106666666,112.0
ice,render,512,3,3,133.29966666666667,997.3986666666666,9.955,3472.0377226666665,114.0
ice,render,512,4,3,133.55133333333333,1011.8026666666666,10.028333333333334,3472.07452,113.33333333333333
ice,render,512,5,3,136.292,1018.1843333333334,9.985666666666667,3472.0627466666665,114.0
ice,encode,512,1,3,15.406333333333334,15.745,0.12733333333333333,1.3355253333333332,0.3333333333333333
ice,encode,512,2,3,15.280333333333333,15.549666666666665,0.127,1.3355253333333332,0.3333333333333333
ice,encode,512,3,3,15.053666666666667,15.287333333333335,0.11766666666666667,1.3355253333333332,0.3333333333333333
ice,encode,512,4,3,15.178666666666667,15.539666666666665,0.14666666666666667,1.3368826666666667,0.3333333333333333
ice,encode,512,5,3,14.900333333333334,15.130333333333335,0.12133333333333333,1.3355253333333332,0.3333333333333333
ice,combined,512,1,3,144.58266666666665,990.594,9.633333333333335,3473.349904,112.66666666666667
ice,combined,512,2,3,144.04366666666667,1002.7326666666667,9.815,3473.3726586666667,111.66666666666667
ice,combined,512,3,3,146.80866666666665,1011.1656666666667,9.938666666666666,3473.3387653333334,112.66666666666667
ice,combined,512,4,3,150.02933333333334,1019.539,10.199666666666666,3473.3614,113.33333333333333
ice,combined,512,5,3,151.359,1009.7006666666666,9.424666666666665,3473.363088,115.66666666666667
water-ripples,render,512,1,3,192.08166666666665,1049.784,11.192666666666666,3414.6194853333336,141.0
water-ripples,render,512,2,3,244.04033333333334,1019.8443333333333,10.527333333333335,3414.5952693333334,123.0
water-ripples,render,512,3,3,144.56733333333335,1030.2366666666667,10.413666666666666,3414.6068026666667,117.66666666666667
water-ripples,render,512,4,3,134.627,1024.5913333333333,9.917666666666666,3414.6654693333335,110.66666666666667
water-ripples,render,512,5,3,132.98633333333333,1029.6403333333333,9.762333333333334,3414.6231813333334,109.33333333333333
water-ripples,encode,512,1,3,13.458,13.755666666666666,0.11866666666666667,1.3178773333333333,0.3333333333333333
water-ripples,encode,512,2,3,13.408,13.770666666666665,0.13566666666666666,1.3178773333333333,0.3333333333333333
water-ripples,encode,512,3,3,13.143333333333334,13.529333333333334,0.137,1.3178773333333333,0.3333333333333333
water-ripples,encode,512,4,3,13.148666666666665,13.466666666666667,0.13833333333333334,1.3192346666666668,0.3333333333333333
water-ripples,encode,512,5,3,13.327,13.585666666666667,0.124,1.3178773333333333,0.3333333333333333
water-ripples,combined,512,1,3,141.58766666666665,990.334,9.278333333333334,3415.91308,109.66666666666667
water-ripples,combined,512,2,3,145.25733333333335,1016.9073333333333,9.737666666666666,3415.9132026666666,111.0
water-ripples,combined,512,3,3,146.55666666666664,1031.7503333333334,9.742,3415.9561786666663,111.0
water-ripples,combined,512,4,3,167.396,1051.9683333333335,10.414,3415.9244746666664,119.33333333333333
water-ripples,combined,512,5,3,162.17466666666667,1046.774,10.064666666666666,3415.9358026666664,119.0
tiger-fur,render,512,1,3,113.19666666666667,852.472,8.272,2933.8064053333337,95.33333333333333
tiger-fur,render,512,2,3,117.04033333333332,854.8773333333334,8.265666666666666,2933.790488,98.33333333333333
tiger-fur,render,512,3,3,117.205,868.6083333333333,8.364,2933.7454586666663,98.0
tiger-fur,render,512,4,3,119.22566666666667,867.0273333333333,8.158,2933.7817333333337,98.0
tiger-fur,render,512,5,3,115.34866666666667,880.0736666666667,8.382,2933.7734746666665,95.33333333333333
tiger-fur,encode,512,1,3,26.19,26.435333333333332,0.114,1.4244053333333333,0.3333333333333333
tiger-fur,encode,512,2,3,26.75933333333333,27.02166666666667,0.14533333333333334,1.4244053333333333,0.3333333333333333
tiger-fur,encode,512,3,3,26.114,26.322,0.12833333333333333,1.4244053333333333,0.3333333333333333
tiger-fur,encode,512,4,3,25.89666666666667,26.18166666666667,0.10866666666666668,1.4257626666666667,0.3333333333333333
tiger-fur,encode,512,5,3,26.409666666666666,26.670333333333332,0.13466666666666666,1.4244053333333333,0.3333333333333333
tiger-fur,combined,512,1,3,139.11366666666666,876.7863333333333,8.334,2935.1812906666664,95.33333333333333
tiger-fur,combined,512,2,3,137.97266666666667,888.773,8.661333333333333,2935.1945893333336,93.66666666666667
tiger-fur,combined,512,3,3,140.366,896.9963333333334,8.489333333333335,2935.192448,94.66666666666667
tiger-fur,combined,512,4,3,141.64333333333335,892.081,8.294333333333332,2935.2260986666665,96.33333333333333
tiger-fur,combined,512,5,3,187.89166666666665,923.1183333333333,9.153666666666666,2935.1591333333336,109.0
jupiter,render,512,1,3,109.562,773.1726666666666,7.909666666666667,2693.459944,93.66666666666667
jupiter,render,512,2,3,241.17433333333335,821.2726666666666,9.213333333333335,2693.4162293333334,109.33333333333333
jupiter,render,512,3,3,107.298,790.6053333333334,7.881333333333333,2693.4414986666666,90.66666666666667
jupiter,render,512,4,3,113.04033333333332,808.2546666666666,8.688333333333334,2693.4641386666667,93.0
jupiter,render,512,5,3,111.45366666666668,810.452,7.966333333333333,2693.4275973333333,91.0
jupiter,encode,512,1,3,27.282666666666668,27.532,0.124,1.5716453333333333,0.3333333333333333
jupiter,encode,512,2,3,27.336,27.574333333333332,0.131,1.5729813333333333,0.3333333333333333
jupiter,encode,512,3,3,27.903666666666666,28.020666666666667,0.151,1.5716453333333333,0.3333333333333333
jupiter,encode,512,4,3,27.109,27.441,0.144,1.5730106666666668,0.3333333333333333
jupiter,encode,512,5,3,26.974,27.238666666666667,0.15066666666666664,1.5716453333333333,0.3333333333333333
jupiter,combined,512,1,3,129.84866666666667,801.065,7.546666666666667,2694.9987573333333,86.66666666666667
jupiter,combined,512,2,3,128.92733333333334,798.856,7.529333333333333,2695.000552,86.33333333333333
jupiter,combined,512,3,3,131.729,809.8913333333334,7.805666666666667,2695.02704,85.66666666666667
jupiter,combined,512,4,3,129.866,814.9426666666666,7.856666666666667,2695.021496,86.33333333333333
jupiter,combined,512,5,3,148.51733333333334,838.2626666666666,8.224666666666668,2694.9765706666667,96.66666666666667
marble,render,512,1,3,94.35833333333333,686.0756666666666,6.864666666666667,2421.4627946666665,79.0
marble,render,512,2,3,92.84966666666668,687.0143333333334,6.778,2421.4646266666664,79.33333333333333
marble,render,512,3,3,97.045,689.9546666666666,6.611333333333333,2421.464152,81.66666666666667
marble,render,512,4,3,93.07133333333333,705.7423333333334,7.037666666666667,2421.4667013333333,77.66666666666667
marble,render,512,5,3,93.20766666666667,705.4256666666666,6.985333333333333,2421.461144,78.0
marble,encode,512,1,3,39.428666666666665,39.666666666666664,0.11366666666666667,1.5036693333333333,0.3333333333333333
marble,encode,512,2,3,39.507,39.70433333333334,0.12166666666666667,1.5050053333333333,0.3333333333333333
marble,encode,512,3,3,39.51733333333333,39.819,0.13666666666666666,1.5036693333333333,0.3333333333333333
marble,encode,512,4,3,40.64,40.45766666666666,0.13266666666666665,1.5050346666666667,0.3333333333333333
marble,encode,512,5,3,39.55533333333334,39.84433333333334,0.13666666666666666,1.5036693333333333,0.3333333333333333
marble,combined,512,1,3,129.285,717.3346666666666,6.644666666666667,2422.954768,77.66666666666667
marble,combined,512,2,3,128.856,730.9706666666666,6.866333333333333,2422.9674106666666,76.66666666666667
marble,combined,512,3,3,130.553,735.5133333333333,6.848666666666667,2422.953408,77.33333333333333
marble,combined,512,4,3,130.167,738.9736666666666,6.843666666666667,2422.954208,77.0
marble,combined,512,5,3,133.71533333333332,740.926,6.808,2422.9546426666666,79.0
wood-knot,encode,512,1,3,35.07566666666666,35.31966666666666,0.125,1.6737173333333333,0.3333333333333333
wood-knot,encode,512,2,3,35.046,35.144666666666666,0.12933333333333333,1.6737173333333333,0.3333333333333333
wood-knot,encode,512,3,3,34.67766666666667,34.81133333333334,0.133,1.6737173333333333,0.3333333333333333
wood-knot,encode,512,4,3,34.620666666666665,35.031666666666666,0.15233333333333335,1.6750746666666667,0.3333333333333333
wood-knot,encode,512,5,3,34.747,34.96033333333334,0.14866666666666667,1.6737173333333333,0.3333333333333333
wood-knot,combined,512,1,3,127.083,744.5683333333334,6.707,2303.5369866666665,74.33333333333333
wood-knot,combined,512,2,3,126.43433333333333,750.1943333333334,6.895666666666667,2303.537224,73.33333333333333
wood-knot,combined,512,3,3,129.85433333333333,762.209,7.121666666666667,2303.5729546666666,74.66666666666667
wood-knot,combined,512,4,3,129.623,764.0323333333333,7.047666666666667,2303.537248,74.33333333333333
wood-knot,combined,512,5,3,129.339,748.5433333333334,6.410333333333333,2303.5732933333334,74.33333333333333
mountains,render,512,1,3,118.08666666666667,778.5406666666667,7.896333333333333,2571.225912,94.33333333333333
mountains,render,512,2,3,117.89866666666667,804.1803333333334,8.485333333333333,2571.2375093333335,94.0
mountains,render,512,3,3,103.603,794.274,8.176666666666668,2571.3014,83.0
mountains,render,512,4,3,104.36466666666666,791.7853333333334,7.906666666666667,2571.2488826666663,84.0
mountains,render,512,5,3,104.054,792.0383333333334,7.604333333333333,2571.2628533333336,83.66666666666667
mountains,encode,512,1,3,32.64033333333333,32.90233333333333,0.11666666666666667,1.5332026666666667,0.3333333333333333
mountains,encode,512,2,3,33.21566666666667,33.50033333333333,0.129,1.5318773333333333,0.3333333333333333
mountains,encode,512,3,3,32.66066666666667,32.96333333333333,0.13633333333333333,1.5318773333333333,0.3333333333333333
mountains,encode,512,4,3,32.65533333333333,32.96566666666667,0.123,1.5331306666666666,0.3333333333333333
mountains,encode,512,5,3,32.85733333333333,33.148,0.124,1.5332106666666667,0.3333333333333333
mountains,combined,512,1,3,131.54233333333332,798.9793333333333,7.53,2572.755904,82.0
mountains,combined,512,2,3,132.819,804.7053333333333,7.758333333333333,2572.7786506666666,82.33333333333333
mountains,combined,512,3,3,135.23533333333333,802.2563333333334,7.346666666666667,2572.8259973333334,84.33333333333333
mountains,combined,512,4,3,134.252,819.093,7.625,2572.778648,82.33333333333333
mountains,combined,512,5,3,135.914,827.8793333333334,7.569333333333333,2572.7559413333333,83.0
cumulus,render,96,1,20,10.1802,66.31665,0.80055,248.627872,8.95
cumulus,render,96,2,20,10.35445,66.7612,0.85875,248.6156124,8.95
cumulus,render,96,3,20,11.1377,68.84965,0.88275,248.6138896,9.65
cumulus,render,96,4,20,10.4253,66.77575,0.84845,248.787928,9.15
cumulus,render,96,5,20,10.46845,67.66405,0.87545,248.6195436,9.05
cumulus,encode,96,1,20,0.64215,0.64745,1.75e-2,0.2829272,0.1
cumulus,encode,96,2,20,0.5696,0.6197,1.78e-2,0.28311959999999997,0.1
cumulus,encode,96,3,20,0.5806,0.628,1.78e-2,0.2829296,0.1
cumulus,encode,96,4,20,0.593,0.6523,1.985e-2,0.28293,0.1
cumulus,encode,96,5,20,0.5754,0.6313,2.005e-2,0.283134,0.1
cumulus,combined,96,1,20,11.04095,67.01305,0.91405,248.9042116,9.1
cumulus,combined,96,2,20,12.9254,69.24915,1.01365,248.90862,10.55
cumulus,combined,96,3,20,10.9923,67.7098,0.9497,248.9042008,9.05
cumulus,combined,96,4,20,10.96915,68.03005,0.9106,248.907482,9.05
cumulus,combined,96,5,20,24.8086,72.3907,1.0837,248.9021448,11.8
moss,render,96,1,20,6.8304,41.09755,0.6146,148.2553436,5.55
moss,render,96,2,20,6.96805,42.04195,0.65445,148.25859,5.65
moss,render,96,3,20,6.99025,39.8923,0.6024,148.241092,5.7
moss,render,96,4,20,7.07975,41.75545,0.64025,148.25035880000001,5.65
moss,render,96,5,20,9.6572,44.3071,0.76305,148.2470984,7.05
moss,encode,96,1,20,1.1116,1.17295,1.995e-2,0.30439479999999997,0.1
moss,encode,96,2,20,1.15015,1.23075,2.435e-2,0.30441440000000003,0.1
moss,encode,96,3,20,1.1052,1.1445,1.58e-2,0.30441440000000003,0.1
moss,encode,96,4,20,1.1237,1.17305,2.265e-2,0.30441440000000003,0.1
moss,encode,96,5,20,1.12115,1.1837,2.225e-2,0.30441440000000003,0.1
moss,combined,96,1,20,9.0023,43.4646,0.74045,148.5473284,6.5
moss,combined,96,2,20,9.0636,43.55525,0.7493,148.5512128,6.25
moss,combined,96,3,20,8.6816,43.44365,0.7611,148.5528436,6.1
moss,combined,96,4,20,8.9854,42.7986,0.7269,148.5537808,6.2
moss,combined,96,5,20,10.3834,44.9294,0.8317,148.5522216,7.15
rust,render,96,1,20,8.75165,45.67135,0.7583,164.1337824,7.05
rust,render,96,2,20,9.73625,45.73055,0.74845,164.1358736,7.15
rust,render,96,3,20,14.1312,45.96385,0.784,164.1316592,9.1
rust,render,96,4,20,8.3915,45.0652,0.7408,164.1289952,6.7
rust,render,96,5,20,8.1467,44.86945,0.7214,164.1324616,6.7
rust,encode,96,1,20,1.0156,1.08655,2.27e-2,0.30508640000000004,0.1
rust,encode,96,2,20,1.02605,1.0793,2.2e-2,0.30509159999999996,0.1
rust,encode,96,3,20,1.00185,1.0538,2.085e-2,0.305088,0.1
rust,encode,96,4,20,1.0308,1.07925,1.965e-2,0.3052932,0.1
rust,encode,96,5,20,1.0269,1.09005,2.46e-2,0.305088,0.1
rust,combined,96,1,20,9.34955,45.5192,0.8111,164.4381496,6.7
rust,combined,96,2,20,9.19065,45.4219,0.81215,164.4362188,6.65
rust,combined,96,3,20,9.47445,45.5828,0.8116,164.4382108,6.9
rust,combined,96,4,20,9.3361,45.94005,0.8132,164.435224,6.75
rust,combined,96,5,20,10.56765,47.9967,0.87685,164.4453348,7.4
ice,render,96,1,20,6.08305,33.4047,0.54305,122.4307208,4.8
ice,render,96,2,20,5.95415,33.4724,0.54955,122.4395204,4.7
ice,render,96,3,20,6.8444,34.87075,0.571,122.4292376,5.3
ice,render,96,4,20,10.33595,37.1539,0.7026,122.425308,7.2
ice,render,96,5,20,7.43115,35.56005,0.61245,122.4381516,5.4
ice,encode,96,1,20,0.87155,0.9085,1.745e-2,0.2831308,0.1
ice,encode,96,2,20,0.8714,0.9171,2.2e-2,0.2829296,0.1
ice,encode,96,3,20,0.8735,0.9237,2.08e-2,0.28311959999999997,0.1
ice,encode,96,4,20,0.88035,0.93285,2.205e-2,0.2829296,0.1
ice,encode,96,5,20,0.8575,0.9065,2.1e-2,0.28293,0.1
ice,combined,96,1,20,7.1421,34.1781,0.5915,122.7169856,4.9
ice,combined,96,2,20,7.1348,34.926,0.65635,122.72046359999999,4.95
ice,combined,96,3,20,7.1802,34.8387,0.65865,122.705002,4.95
ice,combined,96,4,20,7.23555,34.72765,0.65465,122.718792,5.0
ice,combined,96,5,20,6.67135,35.2612,0.61785,122.720506,4.55
water-ripples,render,96,1,20,5.5491,35.0234,0.51355,120.4305832,4.2
water-ripples,render,96,2,20,5.5328,34.9151,0.52605,120.4264808,4.2
water-ripples,render,96,3,20,5.8482,35.54605,0.55485,120.42045159999999,4.45
water-ripples,render,96,4,20,9.6827,36.7434,0.5895,120.4188648,4.85
water-ripples,render,96,5,20,8.37255,38.2976,0.6605,120.405722,5.6
water-ripples,encode,96,1,20,0.8073,0.8588,2.095e-2,0.2854768,0.1
water-ripples,encode,96,2,20,0.80045,0.8613,2.52e-2,0.2854388,0.1
water-ripples,encode,96,3,20,0.79515,0.8395,2.23e-2,0.2854388,0.1
water-ripples,encode,96,4,20,0.7852,0.83035,2.105e-2,0.2854388,0.1
water-ripples,encode,96,5,20,0.771,0.82035,2.135e-2,0.2854388,0.1
water-ripples,combined,96,1,20,8.09475,37.03545,0.62535,120.6905624,5.1
water-ripples,combined,96,2,20,6.93015,36.95225,0.6396,120.6994504,4.7
water-ripples,combined,96,3,20,6.5631,36.1767,0.6123,120.7139792,4.4
water-ripples,combined,96,4,20,6.72015,36.4787,0.63935,120.70463240000001,4.4
water-ripples,combined,96,5,20,6.58455,36.36045,0.60075,120.7162216,4.3
tiger-fur,render,96,1,20,5.0898,30.00645,0.46535,103.5176284,4.0
tiger-fur,render,96,2,20,5.1782,30.6286,0.50905,103.5150592,3.95
tiger-fur,render,96,3,20,5.03525,29.9681,0.4936,103.5142592,4.05
tiger-fur,render,96,4,20,5.02615,30.3682,0.50865,103.5147988,3.95
tiger-fur,render,96,5,20,5.0795,30.24785,0.49475,103.51718559999999,4.0
tiger-fur,encode,96,1,20,1.00865,1.06255,1.8e-2,0.28313479999999996,0.1
tiger-fur,encode,96,2,20,1.02185,1.0842,2.23e-2,0.28293,0.1
tiger-fur,encode,96,3,20,1.0398,1.1136,2.12e-2,0.283134,0.1
tiger-fur,encode,96,4,20,1.01245,1.0641,2.075e-2,0.28293,0.1
tiger-fur,encode,96,5,20,1.03795,1.09205,2.22e-2,0.283134,0.1
tiger-fur,combined,96,1,20,6.7461,31.6005,0.5306,103.78220040000001,4.25
tiger-fur,combined,96,2,20,6.143,31.43345,0.56545,103.8012136,4.1
tiger-fur,combined,96,3,20,6.2487,31.39455,0.56835,103.7982356,4.0
tiger-fur,combined,96,4,20,6.30285,31.7185,0.5597,103.8029664,4.05
tiger-fur,combined,96,5,20,6.2592,31.5332,0.57145,103.79467679999999,4.05
jupiter,render,96,1,20,4.4117,26.5961,0.37135,95.0678236,3.2
jupiter,render,96,2,20,4.4169,26.92335,0.40995,95.06812040000001,3.25
jupiter,render,96,3,20,4.28925,26.7541,0.3874,95.0815304,3.1
jupiter,render,96,4,20,6.686,29.0078,0.5455,95.063082,4.45
jupiter,render,96,5,20,4.59715,27.2634,0.42535,95.0715228,3.35
jupiter,encode,96,1,20,1.07195,1.13785,2.085e-2,0.30702640000000003,0.1
jupiter,encode,96,2,20,1.0443,1.1193,2.26e-2,0.3070252,0.1
jupiter,encode,96,3,20,1.04375,1.1044,2.065e-2,0.30702759999999996,0.1
jupiter,encode,96,4,20,1.0617,1.1116,2.295e-2,0.307024,0.1
jupiter,encode,96,5,20,1.05615,1.11165,1.93e-2,0.30722920000000004,0.1
jupiter,combined,96,1,20,5.5277,27.97845,0.457,95.3869512,3.25
jupiter,combined,96,2,20,5.6134,28.1817,0.49395,95.3822032,3.4
jupiter,combined,96,3,20,5.6795,28.1206,0.48205,95.382324,3.3
jupiter,combined,96,4,20,8.04155,29.27195,0.52895,95.374702,3.9
jupiter,combined,96,5,20,15.27865,31.39305,0.62145,95.366904,4.8
marble,render,96,1,20,4.11275,24.32465,0.29795,85.18296959999999,3.0
marble,render,96,2,20,4.12355,24.08705,0.3023,85.1837496,3.0
marble,render,96,3,20,4.07955,23.97845,0.3042,85.18301840000001,3.05
marble,render,96,4,20,4.0575,24.2791,0.298,85.18312279999999,3.05
marble,render,96,5,20,4.2579,24.1199,0.30215,85.183212,3.15
marble,encode,96,1,20,1.71145,1.75165,1.665e-2,0.2829308,0.1
marble,encode,96,2,20,1.79815,1.8297,2.305e-2,0.2831356,0.1
marble,encode,96,3,20,1.63425,1.683,1.96e-2,0.28293,0.1
marble,encode,96,4,20,1.6128,1.68085,2.185e-2,0.2831336,0.1
marble,encode,96,5,20,1.64245,1.7005,1.71e-2,0.28293,0.1
marble,combined,96,1,20,5.7434,25.4814,0.3471,85.4660324,3.1
marble,combined,96,2,20,5.875,25.86175,0.36915,85.4661508,3.05
marble,combined,96,3,20,5.7249,25.93235,0.35305,85.4660172,3.0
marble,combined,96,4,20,5.6728,25.96925,0.3579,85.4660392,3.0
marble,combined,96,5,20,5.74475,25.84065,0.358,85.4660028,3.05
wood-knot,render,96,1,20,4.4011,25.2182,0.3714,81.28843,3.05
wood-knot,render,96,2,20,4.2988,24.8463,0.37605,81.2951008,3.0
wood-knot,render,96,3,20,4.2519,25.20565,0.37825,81.3006392,3.0
wood-knot,render,96,4,20,4.3265,25.2288,0.3962,81.298592,3.0
wood-knot,render,96,5,20,4.35255,25.50245,0.38625,81.299552,3.05
wood-knot,encode,96,1,20,1.0415,1.10155,1.765e-2,0.3058464,0.1
wood-knot,encode,96,2,20,1.0587,1.12015,2.125e-2,0.3060532,0.1
wood-knot,encode,96,3,20,1.03625,1.09255,2.005e-2,0.305848,0.1
wood-knot,encode,96,4,20,1.06325,1.12235,2.42e-2,0.3058492,0.1
wood-knot,encode,96,5,20,1.0625,1.1155,2.005e-2,0.30603959999999997,0.1
wood-knot,combined,96,1,20,5.45245,26.03655,0.418,81.6044524,3.05
wood-knot,combined,96,2,20,5.4922,26.44195,0.47635,81.6008128,3.15
wood-knot,combined,96,3,20,5.38145,26.268,0.4525,81.60029879999999,3.0
wood-knot,combined,96,4,20,5.5088,26.37585,0.45,81.60608640000001,3.05
wood-knot,combined,96,5,20,7.99075,29.2378,0.61185,81.5918168,4.65
mountains,render,96,1,20,6.272,28.94715,0.489,90.7537636,4.4
mountains,render,96,2,20,4.4899,26.81565,0.3895,90.75569279999999,3.1
mountains,render,96,3,20,4.5277,27.17125,0.40635,90.77229759999999,3.2
mountains,render,96,4,20,4.49815,26.76355,0.4024,90.75745640000001,3.1
mountains,render,96,5,20,4.53315,27.0325,0.3955,90.7652492,3.1
mountains,encode,96,1,20,1.13295,1.1869,1.905e-2,0.3037548,0.1
mountains,encode,96,2,20,1.1157,1.18535,1.985e-2,0.3037748,0.1
mountains,encode,96,3,20,1.1513,1.2151,2.335e-2,0.3037748,0.1
mountains,encode,96,4,20,1.1487,1.19715,2.03e-2,0.3037748,0.1
mountains,encode,96,5,20,1.1304,1.17795,1.955e-2,0.3037748,0.1
mountains,combined,96,1,20,5.6055,27.82315,0.43625,91.0674884,3.1
mountains,combined,96,2,20,5.90815,28.0663,0.5066,91.0608844,3.3
mountains,combined,96,3,20,5.72245,27.9877,0.49445,91.0605796,3.15
mountains,combined,96,4,20,5.72395,28.08355,0.4763,91.06120759999999,3.15
mountains,combined,96,5,20,5.63625,28.25475,0.48375,91.0623204,3.15
wood-knot,render,512,1,20,103.20305,725.93355,6.7701,2301.8589896,79.55
wood-knot,render,512,2,20,96.2425,738.0247,6.7288,2301.8789656,74.35
wood-knot,render,512,3,20,99.62265,745.7757,6.77895,2301.85706,76.05
wood-knot,render,512,4,20,110.43825,748.4637,6.83385,2301.87224,76.9
wood-knot,render,512,5,20,104.3167,755.8112,6.913,2301.8671891999998,78.1
